{
    "T_cami_cam0": [
        {
            "qx": 0.0,
            "qy": 0.0,
            "qz": 0.0,
            "qw": 1.0,
            "px": 0.0,
            "py": 0.0,
            "pz": 0.0
        },
        {
            "qx": 0.02382966001551074,
            "qy": -0.00032454324393309654,
            "qz": 0.00044863167728445325,
            "qw": 0.9997158799903332,
            "px": -0.10098947190325333,
            "py": -0.0020811599784744455,
            "pz": -0.0012888359197775197
        }
    ],
    "intrinsics": [
        {
            "camera_type": "eucm",
            "intrinsics": {
                "fx": 190.89618687183938,
                "fy": 190.87022285882367,
                "cx": 254.9375370481962,
                "cy": 256.86414483060787,
                "alpha": 0.6283550447635853,
                "beta": 1.0458678747533083
            }
        },
        {
            "camera_type": "eucm",
            "intrinsics": {
                "fx": 190.28225119174908,
                "fy": 190.24433342367266,
                "cx": 252.58698029794184,
                "cy": 255.00661648870613,
                "alpha": 0.6278324184009648,
                "beta": 1.043827798877542
            }
        }
    ],
    "resolution": [
        [
            512,
            512
        ],
        [
            512,
            512
        ]
    ]
}